Lien image;Nom du produit;Note;Nombre de votes;Nom de la boutique;Prix;Symbol;Lien vers le produit
https://i.etsystatic.com/35089217/c/2000/2000/0/0/il/7d239a/5657144560/il_300x300.5657144560_tl7g.jpg;Bague en agate mousse nature, alliance assortie, cadeau d'anniversaire, bague à empiler, or jaune massif, bague feuille inspirée de la nature, bague faite main;5.0;(121);De la boutique RollinsTeus;39,62;€;https://www.etsy.com/fr/listing/1632036224/bague-en-agate-mousse-nature-alliance?click_key=e713242b5882fac4b2df0b191319154ac9b94266%3A1632036224&click_sum=ca0cb02b&ga_order=most_relevant&ga_search_type=all&ga_view_type=gallery&ga_search_query=ring&ref=search_grid-86034-1-1&pro=1&frs=1&bes=1&sts=1
https://i.etsystatic.com/38911179/r/il/16a82c/5222225632/il_300x300.5222225632_n9c9.jpg;Ensemble de bagues nébuleuse d'Orion taille cerf-volant, bagues couple assorties, alliance pour elle et lui, bague en or noir, bague spatiale.;4.9;(482);AliceroomVan;69,85;€;https://www.etsy.com/fr/listing/1551411921/ensemble-de-bagues-nebuleuse-dorion?click_key=5f1c4c1b89f0317c2c53de1efada8491d3ad2310%3A1551411921&click_sum=ba8990ff&ga_order=most_relevant&ga_search_type=all&ga_view_type=gallery&ga_search_query=ring&ref=search_grid-86034-1-2&pro=1&frs=1&pop=1
https://i.etsystatic.com/33403124/c/2840/2840/0/71/il/22f3ee/5808882995/il_300x300.5808882995_5xdz.jpg;Authentique bague en jade birman, qualité A, jadéite naturelle, jade, pierre précieuse, bague tendance, bague;4.8;(362);De la boutique Jadehappy;29,04;€;https://www.etsy.com/fr/listing/1399289700/authentique-bague-en-jade-birman-qualite?click_key=ec87affaf22771de03627740cc5157254986e6f1%3A1399289700&click_sum=692b05ff&ga_order=most_relevant&ga_search_type=all&ga_view_type=gallery&ga_search_query=ring&ref=search_grid-86034-1-3&frs=1&pop=1&sts=1
https://i.etsystatic.com/26027006/r/il/bc636e/3182266096/il_300x300.3182266096_14cb.jpg;Hammered Spinner Ring, Mixed Metal Spinner ring, 2 tone sterling silver spinning ring, meditation ring, 925 sterling silver ring fidget ring;4.5;(3,6k);IndiaSilverShop;28,94;€;https://www.etsy.com/fr/listing/1045617399/hammered-spinner-ring-mixed-metal?click_key=60c0eeb8d2ebe431022e3615de6fc8dc2ba19290%3A1045617399&click_sum=8084e136&ga_order=most_relevant&ga_search_type=all&ga_view_type=gallery&ga_search_query=ring&ref=search_grid-86034-1-4&pro=1&frs=1&pop=1
https://i.etsystatic.com/45408004/c/2747/2747/0/0/il/fbd306/5132353298/il_300x300.5132353298_6qr2.jpg;Bague en acier inoxydable pas chère tendance couleur or et argent ajustable à la mode;4.6;(357);AsteryaJewels;6,99;€;https://www.etsy.com/fr/listing/1528191649/bague-en-acier-inoxydable-pas-chere?click_key=6a5698a2d4fad91c05a77f4f2fbb7a81130c07f3%3A1528191649&click_sum=8e22b444&ga_order=most_relevant&ga_search_type=all&ga_view_type=gallery&ga_search_query=ring&ref=search_grid-86035-1-1&pro=1&pop=1&local_signal_search=1&content_source=669af5fab6ca6e1339df90e8ea6986191b29f271%253A1528191649
https://i.etsystatic.com/47513708/r/il/113d44/5646203918/il_300x300.5646203918_h0pa.jpg;bague breloque ajustable;4.7;(81);LoFijewelry05;7,00;€;https://www.etsy.com/fr/listing/1594936873/bague-breloque-ajustable?click_key=d58585558c6b3d235813a85e91294cd6c6481551%3A1594936873&click_sum=196da082&ga_order=most_relevant&ga_search_type=all&ga_view_type=gallery&ga_search_query=ring&ref=search_grid-86035-1-2&pop=1&local_signal_search=1&content_source=4a25b16d104fa75f6f02eeeac08a103c87fcddb6%253A1594936873
https://i.etsystatic.com/42606437/c/2053/2053/331/197/il/3f19dc/5246149764/il_300x300.5246149764_o91b.jpg;2pcs Bague argentée de l'an 2000 / Bague réglable rétro / Bagues unisexe modernes / Grosse bague punk / Cadeau de Noël d'Halloween;4.7;(758);Johnnioy;18,62;€;https://www.etsy.com/fr/listing/1542985904/2pcs-bague-argentee-de-lan-2000-bague?click_key=891049f828014e85b57f199f21c72a0ad3172a10%3A1542985904&click_sum=9622aa5e&ga_order=most_relevant&ga_search_type=all&ga_view_type=gallery&ga_search_query=ring&ref=search_grid-86035-1-3&pro=1&pop=1&content_source=704574e3d611723ad76b5bf071ab3e76ccd2edd0%253A1542985904
https://i.etsystatic.com/45408004/c/1423/1423/666/0/il/f79173/5687336052/il_300x300.5687336052_jioj.jpg;Bagues breloque en acier inoxydable ajustables pas cher tendance à la mode martelées;4.6;(357);AsteryaJewels;7,99;€;https://www.etsy.com/fr/listing/1513203382/bagues-breloque-en-acier-inoxydable?click_key=eb6efe802b22cd3848f90379b4776e97a530984a%3A1513203382&click_sum=d950e703&ga_order=most_relevant&ga_search_type=all&ga_view_type=gallery&ga_search_query=ring&ref=search_grid-86035-1-4&pro=1&bes=1&local_signal_search=1&content_source=64a53018f8de005a850b2020885f46b85b1ace7c%253A1513203382
https://i.etsystatic.com/50606968/r/il/5ea1f4/5885122980/il_300x300.5885122980_iooq.jpg;Sally et Lightning McQueen;NA;NA;Not Found;17,42;€;https://www.etsy.com/fr/listing/1706179427/sally-et-lightning-mcqueen?click_key=c52e49203dd1c0cf756602506951c76875afbdc9%3A1706179427&click_sum=3e42f9e9&ga_order=most_relevant&ga_search_type=all&ga_view_type=gallery&ga_search_query=ring&ref=search_grid-86035-1-5&pop=1&content_source=5f1c986ec84e8845e3841f147ea7327f02d11f35%253A1706179427
https://i.etsystatic.com/29340171/c/924/924/244/185/il/bbe129/4713968790/il_300x300.4713968790_ss89.jpg;Bague acier inoxydable ajustable, réglables • Idée cadeau de Noël • Bijoux femmes • Bague pendentif breloque •Modèle Sunrise doré ou argenté;4.8;(3,7k);madoucejewelry;15,00;€;https://www.etsy.com/fr/listing/1436976995/bague-acier-inoxydable-ajustable?click_key=2de0bd7adc61140ed7b3fbb57f62dc8b742f95d7%3A1436976995&click_sum=2766ac05&ga_order=most_relevant&ga_search_type=all&ga_view_type=gallery&ga_search_query=ring&ref=search_grid-86035-1-6&bes=1&local_signal_search=1&content_source=6ab033396fc1de9aabbe5e13d5caa37e672feefd%253A1436976995
https://i.etsystatic.com/42606437/c/1245/1245/78/0/il/efce28/5290117275/il_300x300.5290117275_7v81.jpg;Bagues Goth Y2K, Bague chunky unisexe, Bague gothique punk de taille ouverte, Bagues Goth Y2K, Bagues Cyberpunk;4.7;(758);Johnnioy;8,21;€;https://www.etsy.com/fr/listing/1556305607/bagues-goth-y2k-bague-chunky-unisexe?click_key=24051d52585416771ea14b327182b24b7b251997%3A1556305607&click_sum=68750879&ga_order=most_relevant&ga_search_type=all&ga_view_type=gallery&ga_search_query=ring&ref=search_grid-86035-1-7&pro=1&pop=1&content_source=02fc2b5e33b478703757f3edd33537d9930ad9d1%253A1556305607
https://i.etsystatic.com/48700673/r/il/3efd65/5936053531/il_300x300.5936053531_t05j.jpg;Bague dôme, bague dôme en or, bague dôme en argent, bague étoile, bague tendance, grosse bague en or, bijoux célestes, bague rose, bague de pouce, bague en pierre;4.3;(4);IvetteCoStudio;39,90;€;https://www.etsy.com/fr/listing/1706830769/bague-dome-bague-dome-en-or-bague-dome?click_key=fc4ca8e161403c1e0227999614628e88efc58caf%3A1706830769&click_sum=d2367802&ga_order=most_relevant&ga_search_type=all&ga_view_type=gallery&ga_search_query=ring&ref=search_grid-86035-1-8&pro=1&frs=1&pop=1&content_source=e10b0fecc1a8b9afce588331ad79c08caebe67eb%253A1706830769
https://i.etsystatic.com/24215148/c/425/425/100/20/il/674e3f/2855971891/il_300x300.2855971891_nzah.jpg;Bague cornaline bague pierre de lune en argent massif bague minimaliste en argent sterling 925 K, art romain antique, cadeau de demoiselle d'honneur délicatesse fête des mères;4.5;(8,2k);atalantasilver;41,82;€;https://www.etsy.com/fr/listing/841719394/bague-cornaline-bague-pierre-de-lune-en?click_key=2083aa4fd9053069057695ddf74e15a2cc20a32b%3A841719394&click_sum=0ddf4331&ga_order=most_relevant&ga_search_type=all&ga_view_type=gallery&ga_search_query=ring&ref=search_grid-306634-2-1&pro=1&pop=1
https://i.etsystatic.com/28986972/r/il/0b911e/5348895423/il_300x300.5348895423_m8pq.jpg;Alliance en alexandrite, bague viking pour femme, bague de promesse pour elle avec feuilles et arbre détaillés, bague sorcière;4.5;(1,6k);FantasyGothicWorld;94,25;€;https://www.etsy.com/fr/listing/1568719747/alliance-en-alexandrite-bague-viking?click_key=25d0b7ccc185f6383defe296431e8341dd9a04d9%3A1568719747&click_sum=3ac2a064&ga_order=most_relevant&ga_search_type=all&ga_view_type=gallery&ga_search_query=ring&ref=search_grid-306634-2-2&pro=1&frs=1
https://i.etsystatic.com/17415717/c/524/524/107/109/il/1c5c6c/2362903423/il_300x300.2362903423_3hza.jpg;Mountain Range Ring - Titane, Alliance pour hommes, Alliance pour femmes, Comfort Fit;4.9;(709);De la boutique Brokss;116,25;€;https://www.etsy.com/fr/listing/758081574/mountain-range-ring-titane-alliance-pour?click_key=f8417211bc7ea7c8f8878feea4ce41c7c76be2cd%3A758081574&click_sum=c2e6821d&ga_order=most_relevant&ga_search_type=all&ga_view_type=gallery&ga_search_query=ring&ref=search_grid-306634-2-3&pro=1&frs=1&bes=1&sts=1
https://i.etsystatic.com/40122320/c/2307/2307/249/389/il/7e9f10/5021991243/il_300x300.5021991243_51i6.jpg;Anneau de Fidget de roue dentée en or rose, anneau de gemme de Zircon, anneau de Fidget Spinner, anneau d'anxiété, anneau d'engrenage rotatif pour hommes femmes unisexe;4.7;(460);AuthenticGemsJeweler;52,36;€;https://www.etsy.com/fr/listing/1496838481/anneau-de-fidget-de-roue-dentee-en-or?click_key=7b1c4fa0cb7d0fe48943e30bb124c659182797d4%3A1496838481&click_sum=76dbc1ce&ga_order=most_relevant&ga_search_type=all&ga_view_type=gallery&ga_search_query=ring&ref=search_grid-306634-2-4&pro=1&frs=1&bes=1
https://i.etsystatic.com/23216104/r/il/2dafb2/3790213824/il_300x300.3790213824_feq2.jpg;Bague acier inoxydable doré or breloque gold Acier inoxydable et ajustable;4.5;(370);MademoisLreve;8,80;€;https://www.etsy.com/fr/listing/1198764423/bague-acier-inoxydable-dore-or-breloque?click_key=a29d4c788b14438bbde3ab3f2b1bd233404526b2%3A1198764423&click_sum=d70639bd&ga_order=most_relevant&ga_search_type=all&ga_view_type=gallery&ga_search_query=ring&ref=search_grid-306635-2-1&pro=1&local_signal_search=1&content_source=d26821a60e69fbea900aa56a9919a42b5513848a%253A1198764423
https://i.etsystatic.com/6133836/r/il/1aad7a/1549744150/il_300x300.1549744150_ndoj.jpg;R000369 Bague Argent Massif 925 spirale;4.8;(19,4k);De la boutique EmpressSilver;18,46;€;https://www.etsy.com/fr/listing/612144968/r000369-bague-argent-massif-925-spirale?click_key=54c06fbac59ce4577f0128d1a67033aa68e1b346%3A612144968&click_sum=967d4a83&ga_order=most_relevant&ga_search_type=all&ga_view_type=gallery&ga_search_query=ring&ref=search_grid-306635-2-2&pop=1&sts=1&content_source=4304a71d8cdb0529905c759afa2e31aab45bf9b7%253A612144968
https://i.etsystatic.com/46679433/r/il/11f28f/5403881914/il_300x300.5403881914_alm1.jpg;Lot de 5 bagues superposables en argent sterling, bagues fines et épaisses, bagues torsadées en perles fines, bague à pois, bagues superposées en argent, bijoux pour femme;4.3;(268);JewelryCollectionsIN;15,32;€;https://www.etsy.com/fr/listing/1575018858/lot-de-5-bagues-superposables-en-argent?click_key=7c9cba7242e0963bdc252f0eba45fe306f6e7a53%3A1575018858&click_sum=63e956db&ga_order=most_relevant&ga_search_type=all&ga_view_type=gallery&ga_search_query=ring&ref=search_grid-306635-2-3&pro=1&frs=1&pop=1&content_source=b70604383ea40775227a50c784ad8bd88d13a944%253A1575018858
https://i.etsystatic.com/28606668/r/il/38fe74/5315412634/il_300x300.5315412634_6y59.jpg;bague fleur en perles fantaisies;4.8;(256);CrystaLeaCreations;3,99;€;https://www.etsy.com/fr/listing/1557497570/bague-fleur-en-perles-fantaisies?click_key=8a85dab3d486096134593ab6b336ed8eeadc90a0%3A1557497570&click_sum=a8e171b4&ga_order=most_relevant&ga_search_type=all&ga_view_type=gallery&ga_search_query=ring&ref=search_grid-306635-2-4&local_signal_search=1&content_source=8891a3e4f9436b7e8277b7718e30bf9852855e18%253A1557497570
https://i.etsystatic.com/10663544/c/2253/2253/107/0/il/ed0478/5446362352/il_300x300.5446362352_ecys.jpg;Bague de phalange minimaliste en fil d'argent 950 - nombre au choix - ajustable;4.7;(935);Mixmania;10,50;€;https://www.etsy.com/fr/listing/663141606/bague-de-phalange-minimaliste-en-fil?click_key=9dd7e176505451afbd10fc027734d0685f0f4e47%3A663141606&click_sum=2c453837&ga_order=most_relevant&ga_search_type=all&ga_view_type=gallery&ga_search_query=ring&ref=search_grid-306635-2-5&frs=1&local_signal_search=1&content_source=ca7685a1164c8463b798921029170d44118c31ef%253A663141606
https://i.etsystatic.com/27208852/r/il/52105c/5190933821/il_300x300.5190933821_tfd5.jpg;Bague étoile fidget soleil lune, bijoux femme anxiété, spinner anti stress anniversaire meilleur ami cadeau, unisexe, bague de luxe, cadeau pour elle;4.3;(2k);BJshopDE;15,00;€;https://www.etsy.com/fr/listing/1534454103/bague-etoile-fidget-soleil-lune-bijoux?click_key=61ee2c442cd7b92c65c79b363f63d7e2ddadef61%3A1534454103&click_sum=eaa6d832&ga_order=most_relevant&ga_search_type=all&ga_view_type=gallery&ga_search_query=ring&ref=search_grid-306635-2-6&pro=1&frs=1&bes=1&content_source=3848d93db94fd880ab154967ede1f5412b5b4874%253A1534454103
https://i.etsystatic.com/23200651/r/il/230b6d/5558779450/il_300x300.5558779450_7i51.jpg;Bague Anneau Ultra Fine de Phalange Plaqué Or Simple style Minimaliste;4.7;(1,2k);De la boutique MLStudioJewelry;8,91;€;https://www.etsy.com/fr/listing/1446240195/bague-anneau-ultra-fine-de-phalange?click_key=ee003bcf29e8838bfc7018370cb3a54fb3eb9764%3A1446240195&click_sum=9b666a0a&ga_order=most_relevant&ga_search_type=all&ga_view_type=gallery&ga_search_query=ring&ref=search_grid-306635-2-7&pro=1&sts=1&local_signal_search=1&content_source=890f44a2c1785e8d7e649bb253fdf67d5a048960%253A1446240195
https://i.etsystatic.com/39063028/r/il/dbef01/5936946689/il_300x300.5936946689_53ap.jpg;Chevalière ornée de timbres floraux, bague boho chevalier plaquée or 24 carats, bague minimaliste auriculaire délicate chevalière, cadeau d'anniversaire de rock indie hippie hippie;4.9;(489);Asterodea;20,70;€;https://www.etsy.com/fr/listing/1355671373/chevaliere-ornee-de-timbres-floraux?click_key=57728f216353fdfc70d06722c5b985f02ff0b017%3A1355671373&click_sum=029016f7&ga_order=most_relevant&ga_search_type=all&ga_view_type=gallery&ga_search_query=ring&ref=search_grid-306635-2-8&pro=1&content_source=8251a8ec2e0a9092e5b6cfac7abd88caae2285a2%253A1355671373
https://i.etsystatic.com/28986972/r/il/5a66c7/5735949276/il_300x300.5735949276_c7gk.jpg;Bague en argent celtique, bague en argent petite branche, bague en argent sterling noeud celtique élégante, conception de branche délicate;4.5;(1,6k);FantasyGothicWorld;61,31;€;https://www.etsy.com/fr/listing/1658421798/bague-en-argent-celtique-bague-en-argent?click_key=390a7d24891c0f3dcafdc3b6c9ef9ecb1b22dfe7%3A1658421798&click_sum=bf9dd79b&ga_order=most_relevant&ga_search_type=all&ga_view_type=gallery&ga_search_query=ring&ref=search_grid-416934-3-1&pro=1&frs=1
https://i.etsystatic.com/23604849/c/1449/1449/309/166/il/babb48/5708191421/il_300x300.5708191421_ptzh.jpg;vintage Ovale Rose Saphir Bague de Fiançailles Bague de Promesse Unique Cluster Or Art Déco Feuille Sep Birthstone Gemstone Branch Nature Inspiré;4.9;(1,8k);De la boutique Dreamcraftjewelry;172,37;€;https://www.etsy.com/fr/listing/1640454560/vintage-ovale-rose-saphir-bague-de?click_key=433b1a241bea15b0a87513bbf417bf180315eb04%3A1640454560&click_sum=9843cd39&ga_order=most_relevant&ga_search_type=all&ga_view_type=gallery&ga_search_query=ring&ref=search_grid-416934-3-2&frs=1&cns=1&sts=1
https://i.etsystatic.com/7648469/c/1332/1332/415/16/il/cebeb3/3097610622/il_300x300.3097610622_oxg6.jpg;Bague vague Alliances uniques Bagues d'anniversaire Bagues de fiançailles Bague bleue Bague verte Bague délicate Amoureux de la plage Bagues en argent Bijoux artisanaux;4.8;(407);DariJewellery;162,61;€;https://www.etsy.com/fr/listing/1023376523/bague-vague-alliances-uniques-bagues?click_key=9211ad5e88cc98a15ea564f3f066842c9e9bb97a%3A1023376523&click_sum=7ff575fe&ga_order=most_relevant&ga_search_type=all&ga_view_type=gallery&ga_search_query=ring&ref=search_grid-416934-3-3&frs=1
https://i.etsystatic.com/16159794/c/1975/1975/286/286/il/b2e867/5553154956/il_300x300.5553154956_3u6y.jpg;Ensemble d’anneaux de mariage de feuille d’or de poussière de météorite, anneaux de couples, anneau de météorite de feuille d’or de mariage, anneaux de mariage pour hommes Accent d’or Decazi;4.9;(5,1k);De la boutique Decazi;325,00;€;https://www.etsy.com/fr/listing/1608703210/ensemble-danneaux-de-mariage-de-feuille?click_key=311ca40ce38fbe3cfbffacc2f6b3ccff732683e3%3A1608703210&click_sum=703afdc7&ga_order=most_relevant&ga_search_type=all&ga_view_type=gallery&ga_search_query=ring&ref=search_grid-416934-3-4&pro=1&frs=1&sts=1
https://i.etsystatic.com/14506999/c/1200/1200/1031/0/il/f8ac0c/4468017393/il_300x300.4468017393_35sq.jpg;Bague PIERRE de LUNE ovale montée sur ARGENT 925;4.9;(2k);De la boutique LITZITHERAPIE;25,60;€;https://www.etsy.com/fr/listing/564236933/bague-pierre-de-lune-ovale-montee-sur?click_key=c087788503c632197d73da7c12aa0311846a2a5f%3A564236933&click_sum=0cd50afb&ga_order=most_relevant&ga_search_type=all&ga_view_type=gallery&ga_search_query=ring&ref=search_grid-416935-3-1&frs=1&bes=1&sts=1&local_signal_search=1&content_source=48192c07c1145057b1017b6f81616a73b9eff3bd%253A564236933
https://i.etsystatic.com/28466439/c/1637/1637/1049/118/il/0b0073/3046900316/il_300x300.3046900316_94y0.jpg;16 bagues bohèmes modernistes en argent/or, bague ethnique tendance abstraite;4.8;(5,1k);gozemreatelier;24,81;€;https://www.etsy.com/fr/listing/1009049083/16-bagues-bohemes-modernistes-en?click_key=bf5db6792345b831c949f1fbfb99deac2c85d4b4%3A1009049083&click_sum=3cbde1ac&ga_order=most_relevant&ga_search_type=all&ga_view_type=gallery&ga_search_query=ring&ref=search_grid-416935-3-2&pro=1&bes=1&content_source=5da925397d3bf6b974ecef93e156b5cf0c64fcc8%253A1009049083
https://i.etsystatic.com/29340171/c/924/924/379/217/il/7d9728/4298608729/il_300x300.4298608729_71hu.jpg;Bague acier inoxydable ajustable • Réglable • Idée cadeau de Noël • Bijoux femmes • Bague pierre • Modèle Alba noir, blanc, multicolore;4.8;(3,7k);madoucejewelry;15,00;€;https://www.etsy.com/fr/listing/1232409269/bague-acier-inoxydable-ajustable?click_key=3ccc9715cc60f0f6997a80840d6fadd15cfdeb8e%3A1232409269&click_sum=5bfdacea&ga_order=most_relevant&ga_search_type=all&ga_view_type=gallery&ga_search_query=ring&ref=search_grid-416935-3-3&local_signal_search=1&content_source=e8185fe1fbb70537388d7e0acd7ba2390e508a2e%253A1232409269
https://i.etsystatic.com/6133836/r/il/3de45f/1549742470/il_300x300.1549742470_6rb7.jpg;R000306 Bague Argent Massif 925;4.8;(19,4k);De la boutique EmpressSilver;15,71;€;https://www.etsy.com/fr/listing/625982265/r000306-bague-argent-massif-925?click_key=23c45fbd3488d1ebb5f8d8d10f9111aca16f175d%3A625982265&click_sum=8ead90c6&ga_order=most_relevant&ga_search_type=all&ga_view_type=gallery&ga_search_query=ring&ref=search_grid-416935-3-4&bes=1&sts=1&content_source=a757e3398bddeb9b37d293376eea55e3373c8af7%253A625982265
https://i.etsystatic.com/23954695/r/il/b70635/3373314092/il_300x300.3373314092_p8ix.jpg;Bague cœur acier inoxydable CUCURON;4.8;(772);BellesduSudBijoux;14,90;€;https://www.etsy.com/fr/listing/849432451/bague-cour-acier-inoxydable-cucuron?click_key=0d5bd6428e1fd4664365b5350342dd613fb505cb%3A849432451&click_sum=5372eada&ga_order=most_relevant&ga_search_type=all&ga_view_type=gallery&ga_search_query=ring&ref=search_grid-416935-3-5&frs=1&local_signal_search=1&content_source=abeb94a10395839a129ea92fdd6c6aa8a7e16300%253A849432451
https://i.etsystatic.com/12753154/r/il/f0dfe4/1298434633/il_300x300.1298434633_nhbx.jpg;"Bague  argent  ""Asymétrie""";5.0;(3,5k);Artisane31;37,00;€;https://www.etsy.com/fr/listing/532258980/bague-argent-asymetrie?click_key=8ebfbdc1c46e6e96fea00f95877b1e4a87a143f7%3A532258980&click_sum=7f91c29f&ga_order=most_relevant&ga_search_type=all&ga_view_type=gallery&ga_search_query=ring&ref=search_grid-416935-3-6&local_signal_search=1&content_source=6a91043d9fb583928a18ae239a339a49bc39a2f5%253A532258980
https://i.etsystatic.com/15975203/c/1193/1193/0/107/il/ce0d69/5867459084/il_300x300.5867459084_sc83.jpg;Bague pierre Aventurine, Agate, Quartz rose, Nacre, Malachite,Blue sand, Labradorite, Jade, ajustable, doré à l’or 24K, gemme;4.9;(453);De la boutique LandesBijoux;15,90;€;https://www.etsy.com/fr/listing/782762264/bague-pierre-aventurine-agate-quartz?click_key=953fb4d5ff9787d913a46ae45001302417f55dbe%3A782762264&click_sum=3221cb55&ga_order=most_relevant&ga_search_type=all&ga_view_type=gallery&ga_search_query=ring&ref=search_grid-416935-3-7&frs=1&sts=1&local_signal_search=1&content_source=d2cb7de3a18df0b6ab0b2352892c9cbdba97d719%253A782762264
https://i.etsystatic.com/49362637/r/il/a908b7/5849486916/il_300x300.5849486916_kk1g.jpg;Bagues Fleurs;NA;NA;Not Found;30,00;€;https://www.etsy.com/fr/listing/1695455951/bagues-fleurs?click_key=548933b35fbe0e496aa8e6d475c04a44145f2e36%3A1695455951&click_sum=ea31c49e&ga_order=most_relevant&ga_search_type=all&ga_view_type=gallery&ga_search_query=ring&ref=search_grid-416935-3-8&cns=1&local_signal_search=1&content_source=680a77d2831d69d3085f30358b941167bb276051%253A1695455951
https://i.etsystatic.com/28986972/r/il/450bd3/4080967921/il_300x300.4080967921_m1mx.jpg;Bague émeraude unique, bague émeraude branche et feuilles délicates, bague fleur sur la brindille, bague émeraude sauvage, bague de fiançailles inhabituelle pour elle;4.5;(1,6k);FantasyGothicWorld;73,06;€;https://www.etsy.com/fr/listing/1278672038/bague-emeraude-unique-bague-emeraude?click_key=fab1c3ed18493004114d8212ab9e9e900d1be809%3A1278672038&click_sum=795b931d&ga_order=most_relevant&ga_search_type=all&ga_view_type=gallery&ga_search_query=ring&ref=search_grid-527234-4-1&pro=1&frs=1
https://i.etsystatic.com/23604849/c/1587/1587/223/47/il/7555fe/5489552174/il_300x300.5489552174_nkoq.jpg;vintage Pear Pink Opal Bague de fiançailles Unique Cluster Promise Ring White Gold Art Déco Leaf Gemstone Branch Nature Inspired Anniversary Ring;4.9;(1,8k);De la boutique Dreamcraftjewelry;161,80;€;https://www.etsy.com/fr/listing/1607618433/vintage-pear-pink-opal-bague-de?click_key=06c0e6f97ff106900a76c1b558bbbbda891be763%3A1607618433&click_sum=b186d3d2&ga_order=most_relevant&ga_search_type=all&ga_view_type=gallery&ga_search_query=ring&ref=search_grid-527234-4-2&frs=1&cns=1&sts=1
https://i.etsystatic.com/13131411/r/il/70cd51/3195385344/il_300x300.3195385344_63fy.jpg;Bague galet labradorite Bague pierre de taille aléatoire Alliance labradorite naturelle Bague promesse alternative Bijoux labradorite;4.8;(782);eMerakiGalaxy;190,00;€;https://www.etsy.com/fr/listing/1035047754/bague-galet-labradorite-bague-pierre-de?click_key=8f614bbd59c92ca452a221f900609c3aa0ac6e90%3A1035047754&click_sum=a7d17203&ga_order=most_relevant&ga_search_type=all&ga_view_type=gallery&ga_search_query=ring&ref=search_grid-527234-4-3&frs=1
https://i.etsystatic.com/17660673/c/1657/1657/701/715/il/c00041/4084756628/il_300x300.4084756628_gbje.jpg;Anneau de tension en titane. Bague de serrage polie à la main unique, sertie de pierres précieuses de taille baguette. finition polie. Personnalisable.;4.9;(1,2k);De la boutique ATDesignStudio;175,00;€;https://www.etsy.com/fr/listing/1286847489/anneau-de-tension-en-titane-bague-de?click_key=bddf2eadd7ddd4b9a958f7f1bad19e770f733797%3A1286847489&click_sum=10b8bd37&ga_order=most_relevant&ga_search_type=all&ga_view_type=gallery&ga_search_query=ring&ref=search_grid-527234-4-4&frs=1&cns=1&sts=1
https://i.etsystatic.com/8435358/c/618/618/282/448/il/2e76a4/2473573839/il_300x300.2473573839_ew1q.jpg;Rift Ring - bague en argent pour hommes, bague brutaliste pour hommes, bague de motard, bague de fiançailles pour hommes, cadeau des pères, cadeau de petit ami;4.9;(751);RheaSecrets;107,00;€;https://www.etsy.com/fr/listing/828845306/rift-ring-bague-en-argent-pour-hommes?click_key=49dec7dae475cf2b42a5671ca74e53abae7b9ddf%3A828845306&click_sum=3189a178&ga_order=most_relevant&ga_search_type=all&ga_view_type=gallery&ga_search_query=ring&ref=search_grid-527235-4-1&frs=1&content_source=4f7f46eb423fbb59e369a5d6f83530979e3973c7%253A828845306
https://i.etsystatic.com/19308595/c/1680/1680/215/128/il/fcfa26/4797764031/il_300x300.4797764031_a4tt.jpg;Raw Aquamarine Bar Ring, Adjustable Aqua Silver Stick Ring, March Birthstone Jewelry, Aquamarine Stick, Silver Handmade Ring, Birthday Gift;4.4;(5,1k);GemForJewelry;21,61;€;https://www.etsy.com/fr/listing/1194014631/raw-aquamarine-bar-ring-adjustable-aqua?click_key=2aa92740a887664a8f5e05cab012f43d1a53b42c%3A1194014631&click_sum=987150d7&ga_order=most_relevant&ga_search_type=all&ga_view_type=gallery&ga_search_query=ring&ref=search_grid-527235-4-2&pro=1&pop=1&content_source=69af53b7038375c5f57b26b8151acfa679aad1f1%253A1194014631
https://i.etsystatic.com/21655593/c/1714/1714/282/652/il/064045/5455178120/il_300x300.5455178120_7r58.jpg;Anneaux Boho avec pierre réglable, ensemble d’anneaux Boho en or, anneau d’oeil de tigre, anneau de lune en laiton avec pierre, anneau de pierre précieuse, anneaux réglables;4.9;(2,9k);madeAbroad;15,90;€;https://www.etsy.com/fr/listing/1600033643/anneaux-boho-avec-pierre-reglable?click_key=a42de395606149c7b1266851ebcc5b24239fe752%3A1600033643&click_sum=10c9138d&ga_order=most_relevant&ga_search_type=all&ga_view_type=gallery&ga_search_query=ring&ref=search_grid-527235-4-3&bes=1&content_source=ca21f7928064be0fa66498e14d5bc494de707764%253A1600033643
https://i.etsystatic.com/25500876/r/il/7c7a14/5825071298/il_300x300.5825071298_7p5x.jpg;Bague large femme plaqué or ou argent martelée, ajustable, réglable , type tube ou chevalière;4.9;(1,3k);De la boutique Paula120Boutique;10,45;€;https://www.etsy.com/fr/listing/874449904/bague-large-femme-plaque-or-ou-argent?click_key=d23f5772d2a634704044ea8b736bebd342d8b57a%3A874449904&click_sum=2885f5b7&ga_order=most_relevant&ga_search_type=all&ga_view_type=gallery&ga_search_query=ring&ref=search_grid-527235-4-4&pro=1&sts=1&local_signal_search=1&content_source=31fe78218995765a4ffe793fd7e89250a6757593%253A874449904
https://i.etsystatic.com/20201472/c/1735/1735/200/111/il/0293ee/4377753099/il_300x300.4377753099_iqic.jpg;Bague en pierre de lune naturelle et labradorite, bague bleue flashy avec deux pierres précieuses, bague en labradorite en argent sterling, cadeau de demoiselle d'honneur, cadeau pour elle;4.9;(5,9k);De la boutique KeetaLuxury;45,30;€;https://www.etsy.com/fr/listing/1342886233/bague-en-pierre-de-lune-naturelle-et?click_key=840857b4d55506ed956ceafe65a8c6a61a157962%3A1342886233&click_sum=0dd46d9c&ga_order=most_relevant&ga_search_type=all&ga_view_type=gallery&ga_search_query=ring&ref=search_grid-527235-4-5&pop=1&sts=1&content_source=2ca94ec069f1e4d5f96766b20ba5aec4ef0ae320%253A1342886233
https://i.etsystatic.com/38647757/r/il/d83f60/5917792713/il_300x300.5917792713_is69.jpg;Bague anti stress zen bien-être spinner star ring  lune avec étoile rotative strass argenté;4.9;(89);De la boutique Littlebijouxx;17,60;€;https://www.etsy.com/fr/listing/1634817780/bague-anti-stress-zen-bien-etre-spinner?click_key=9c4be71516548453d78a3171c1f470b92cfc4206%3A1634817780&click_sum=a8925869&ga_order=most_relevant&ga_search_type=all&ga_view_type=gallery&ga_search_query=ring&ref=search_grid-527235-4-6&pro=1&frs=1&cns=1&sts=1&local_signal_search=1&content_source=d0d6b267ffb939aed10ea86601bad379290873bf%253A1634817780
https://i.etsystatic.com/12654619/c/1701/1701/530/44/il/87ce64/2128385033/il_300x300.2128385033_1j8q.jpg;Bague de nom d’écriture manuscrite • Bague de nom personnalisée • Bague personnalisée • Bague en argent délicat • Bague de nom personnalisée • Bague personnalisée en or • Bague délicate;4.8;(12,7k);GlorriaSense;32,02;€;https://www.etsy.com/fr/listing/738543792/bague-de-nom-decriture-manuscrite-bague?click_key=9a2f4dcf457af1a0268af8b04854a5242b22a9af%3A738543792&click_sum=1bf4880f&ga_order=most_relevant&ga_search_type=all&ga_view_type=gallery&ga_search_query=ring&ref=search_grid-527235-4-7&pro=1&frs=1&pop=1&content_source=c497db8d6514c29099e0ac2e86e0f9a9c533b1e6%253A738543792
https://i.etsystatic.com/49953589/r/il/5a3ea5/5934220637/il_300x300.5934220637_euvy.jpg;Pochette d'alliances en cuir personnalisée pour chiens, boîte à alliances pour colliers de chiens, porte-alliances personnalisé pour porteur d'alliances pour animal de compagnie;NA;NA;€;14,60;€;https://www.etsy.com/fr/listing/1706439083/pochette-dalliances-en-cuir?click_key=1cf080465da08eb2302ecd4fc53fe6b6b648ed81%3A1706439083&click_sum=61137ebb&ga_order=most_relevant&ga_search_type=all&ga_view_type=gallery&ga_search_query=ring&ref=search_grid-527235-4-8&pro=1&frs=1&cns=1&content_source=4d1e3a4aea4b26444b7a3f29b0bfd0e528b86b7b%253A1706439083
https://i.etsystatic.com/28986972/r/il/931f06/5049931066/il_300x300.5049931066_sjni.jpg;Bague torsadée en argent forêt de fiançailles avec magie, pierres et feuilles, bague en argent inspirée de la nature unique;4.5;(1,6k);FantasyGothicWorld;57,79;€;https://www.etsy.com/fr/listing/1335773434/bague-torsadee-en-argent-foret-de?click_key=9790d68f3387c502e0d0fcf4cf60f9684b16fb9a%3A1335773434&click_sum=c4a881e2&ga_order=most_relevant&ga_search_type=all&ga_view_type=gallery&ga_search_query=ring&ref=search_grid-637534-5-1&pro=1&frs=1
https://i.etsystatic.com/41908214/c/1129/1129/0/0/il/989127/5938324771/il_300x300.5938324771_79bi.jpg;Bague prénom personnalisée, bague gravée personnalisée, bague pour mère, cadeaux d'anniversaire, cadeaux de demoiselle d'honneur, bague fine, cadeaux maman, cadeau pour elle;4.3;(111);De la boutique EACustomjewelrystore;42,23;€;https://www.etsy.com/fr/listing/1660055888/bague-prenom-personnalisee-bague-gravee?click_key=53caf7327cd21ef3051ceb6297016fff0cc4c67c%3A1660055888&click_sum=f47a9de1&ga_order=most_relevant&ga_search_type=all&ga_view_type=gallery&ga_search_query=ring&ref=search_grid-637534-5-2&pro=1&sts=1
https://i.etsystatic.com/16983017/c/2002/2002/390/0/il/a8a6ad/3211240745/il_300x300.3211240745_tp92.jpg;Eucalyptus argenté avec améthyste naturelle et acier inoxydable sur anneau intérieur violet;4.9;(852);AerisWings;155,55;€;https://www.etsy.com/fr/listing/1026765100/eucalyptus-argente-avec-amethyste?click_key=b94b4e0120b05abbe7e19fba2e4252da4041c3c3%3A1026765100&click_sum=da01d3a4&ga_order=most_relevant&ga_search_type=all&ga_view_type=gallery&ga_search_query=ring&ref=search_grid-637534-5-3&pro=1&frs=1
https://i.etsystatic.com/12896129/c/1693/1693/468/717/il/98280f/2295764008/il_300x300.2295764008_b2vo.jpg;Bague de fiançailles en argent sterling avec Topaze, Unique anneau de brindille, Bague de style vintage, Bague inspiré de la nature;4.9;(12,9k);De la boutique WeddingRingsStore;95,77;€;https://www.etsy.com/fr/listing/788404896/bague-de-fiancailles-en-argent-sterling?click_key=b5ae4b31c1b199718956821a2a756a8a91b95ece%3A788404896&click_sum=f062aeb1&ga_order=most_relevant&ga_search_type=all&ga_view_type=gallery&ga_search_query=ring&ref=search_grid-637534-5-4&pro=1&frs=1&pop=1&sts=1
https://i.etsystatic.com/51119827/c/1440/1440/0/104/il/477e1c/5854744094/il_300x300.5854744094_5k33.jpg;Elden Ring - Steam PC - Activation hors ligne - Global;5.0;(84);VibeGame;5,80;€;https://www.etsy.com/fr/listing/1699263483/elden-ring-steam-pc-activation-hors?click_key=858aaaac98eef6c63e7ad405d168d3e51188e243%3A1699263483&click_sum=9288256c&ga_order=most_relevant&ga_search_type=all&ga_view_type=gallery&ga_search_query=ring&ref=search_grid-637535-5-1&bes=1&dd=1&content_source=a99d095f933fc342a151835b79619c8adceec351%253A1699263483
https://i.etsystatic.com/17660117/c/1028/1028/215/214/il/943272/4400358269/il_300x300.4400358269_j6s7.jpg;Bague pierre fleur en cristal de Swarovski bleue aquamarine, argent 925;4.9;(252);De la boutique LauraScreations27;46,30;€;https://www.etsy.com/fr/listing/1334218338/bague-pierre-fleur-en-cristal-de?click_key=e58fbe2f26013a14ffaf41fdc3db2d795979498f%3A1334218338&click_sum=bd73abe0&ga_order=most_relevant&ga_search_type=all&ga_view_type=gallery&ga_search_query=ring&ref=search_grid-637535-5-2&frs=1&sts=1&local_signal_search=1&content_source=e76a00e0788db54d7bcc1d98ed4bbf3fef4efb3f%253A1334218338
https://i.etsystatic.com/17717857/c/1536/1536/0/281/il/3a22c1/2412602989/il_300x300.2412602989_imqo.jpg;Bague de perles de pierres précieuses remplies d’argent sterling. Anneau de perles enveloppé de fil. Anneau de cristal de guérison. Toutes les tailles. Bague en argent. Bijoux Bohème;4.9;(2,2k);LaForetBoheme;12,40;€;https://www.etsy.com/fr/listing/825249571/bague-de-perles-de-pierres-precieuses?click_key=0fd43cb38557834613ac972616b870229f20bcd7%3A825249571&click_sum=d92572d9&ga_order=most_relevant&ga_search_type=all&ga_view_type=gallery&ga_search_query=ring&ref=search_grid-637535-5-3&local_signal_search=1&content_source=8e36519557360338fe4d7044d6faf3979d0f4e53%253A825249571
https://i.etsystatic.com/16869974/r/il/f79333/2870205742/il_300x300.2870205742_n1ca.jpg;Ensemble de bagues de mariage en argent recyclé, bandes de bagues vous et moi gravées, argent recyclé, ensemble de bagues de mariage, bague de mariage de vin rustique;4.9;(310);De la boutique AtelierTiuh;220,00;€;https://www.etsy.com/fr/listing/948489768/ensemble-de-bagues-de-mariage-en-argent?click_key=e2863324d512cb2db11606a99eaed7f990540ec5%3A948489768&click_sum=d9467544&ga_order=most_relevant&ga_search_type=all&ga_view_type=gallery&ga_search_query=ring&ref=search_grid-637535-5-4&frs=1&cns=1&sts=1&local_signal_search=1&content_source=8dd4c7c4afa2ec3bb74286302538b80e426247f7%253A948489768
https://i.etsystatic.com/16164133/r/il/1aa889/5597418626/il_300x300.5597418626_oy57.jpg;Bague en argent sterling solide de 3 mm en tailles G-Z/20 différentes tailles disponibles;4.8;(22,3k);De la boutique SilverrockShop;9,86;€;https://www.etsy.com/fr/listing/551517438/bague-en-argent-sterling-solide-de-3-mm?click_key=9c97f606b37557e302d4d74a8c29536b200b1968%3A551517438&click_sum=9799b728&ga_order=most_relevant&ga_search_type=all&ga_view_type=gallery&ga_search_query=ring&ref=search_grid-637535-5-5&pop=1&sts=1&content_source=f3b77cb7012225c398ee93d82dbdf0bb7d82c24c%253A551517438
https://i.etsystatic.com/15975203/r/il/780f94/3829052573/il_300x300.3829052573_o0gj.jpg;Bague torsadée pierre Aventurine, Agate, Quartz rose, Nacre, Malachite,Blue sand, Jade, Jaspe naturelle gemme, doré à l’or 24K,;4.9;(453);De la boutique LandesBijoux;16,50;€;https://www.etsy.com/fr/listing/1194209808/bague-torsadee-pierre-aventurine-agate?click_key=798d7a12a9abf616daa7b9a9fd1a98726868ed58%3A1194209808&click_sum=55c2da2b&ga_order=most_relevant&ga_search_type=all&ga_view_type=gallery&ga_search_query=ring&ref=search_grid-637535-5-6&frs=1&cns=1&sts=1&local_signal_search=1&content_source=54b2414fff80c9939644c94b0af9526108b14509%253A1194209808
https://i.etsystatic.com/6936657/r/il/2e0586/1522932470/il_300x300.1522932470_24kb.jpg;Baguier réutilisable tailles françaises pour mesurer la taille de vos doigts, Système français de graduation alliances, Baguier taille bague;4.8;(466);De la boutique DesireeSchmidtParis;1,95;€;https://www.etsy.com/fr/listing/605440754/baguier-reutilisable-tailles-francaises?click_key=c0854b16f02ed279271c551853295cf309c7d10e%3A605440754&click_sum=28cf227c&ga_order=most_relevant&ga_search_type=all&ga_view_type=gallery&ga_search_query=ring&ref=search_grid-637535-5-7&bes=1&sts=1&local_signal_search=1&content_source=00df99b3b5237531c255ca48af60a0a6b7763894%253A605440754
https://i.etsystatic.com/29340171/c/963/963/317/98/il/6b34dc/4250963470/il_300x300.4250963470_c844.jpg;Bague acier inoxydable ajustable • Bague réglable • Idée cadeau de Noël • Bijoux femmes • Cadeau anniversaire • Modèle Luna doré ou argenté;4.8;(3,7k);madoucejewelry;14,00;€;https://www.etsy.com/fr/listing/1052151548/bague-acier-inoxydable-ajustable-bague?click_key=a600f039a2da7475dddb687500aa034fc60ea18d%3A1052151548&click_sum=315750b7&ga_order=most_relevant&ga_search_type=all&ga_view_type=gallery&ga_search_query=ring&ref=search_grid-637535-5-8&local_signal_search=1&content_source=cad348737d914f2926fcb8da09ee7cb0da21622b%253A1052151548
